train,age,educ,black,hisp,married,earn96,unem96,earn98,unem98
0,37,11,1,0,1,0,1,1.617923736572266,0
0,30,12,1,0,0,0,1,0,1
1,27,11,1,0,0,0,1,0,1
1,33,8,1,0,0,0,1,9.070150375366211,0
0,22,9,1,0,0,0,1,4.019341468811035,0
1,23,12,1,0,0,0,1,7.33671760559082,0
0,32,11,1,0,0,0,1,2.622541427612305,0
1,22,16,1,0,0,0,1,7.59904670715332,0
0,19,9,1,0,0,0,1,0,1
1,21,13,1,0,0,0,1,13.40792465209961,0
1,18,8,1,0,0,0,1,0,1
1,27,10,1,0,1,0,1,5.194059371948242,0
0,17,7,1,0,0,0,1,8.771588325500488,0
0,19,10,1,0,0,0,1,0,1
1,27,13,1,0,0,0,1,9.854897499084473,0
0,23,10,1,0,0,0,1,5.557600021362305,0
1,40,12,1,0,0,0,1,0,1
0,26,12,1,0,0,0,1,0,1
1,23,11,1,0,0,0,1,7.287500381469727,0
1,24,11,1,0,0,0,1,12.72518730163574,0
1,18,10,1,0,0,0,1,7.644006729125977,0
1,29,11,1,0,1,0,1,16.23934745788574,0
0,25,11,1,0,0,0,1,0,1
0,17,10,1,0,0,0,1,0,1
0,24,11,1,0,0,0,1,.022601842880249,0
0,17,10,1,0,0,0,1,.0244579315185547,0
1,48,4,1,0,0,0,1,0,1
1,25,11,1,0,1,0,1,.9872908592224121,0
1,20,12,1,0,0,0,1,3.141817092895508,0
1,25,12,1,0,0,0,1,9.136128425598145,0
0,42,14,1,0,0,0,1,5.90274715423584,0
1,25,5,1,0,0,0,1,0,1
0,23,12,1,0,1,0,1,7.152740478515625,0
1,46,8,1,0,1,0,1,7.206182479858398,0
1,24,10,1,0,0,0,1,0,1
1,21,12,1,0,0,0,1,0,1
0,17,8,1,0,0,0,1,0,1
1,20,11,1,0,0,0,1,2.425724983215332,0
1,25,11,1,0,1,0,1,6.5709228515625,0
1,17,8,1,0,0,0,1,0,1
1,17,9,1,0,0,0,1,3.075996875762939,0
0,25,5,1,0,0,0,1,0,1
1,23,12,1,0,0,0,1,16.37249183654785,0
1,28,8,1,0,0,0,1,0,1
1,31,11,1,0,1,0,1,0,1
1,18,11,1,0,0,0,1,10.82279014587402,0
1,25,12,1,0,0,0,1,3.142017841339111,0
0,30,11,1,0,1,0,1,0,1
1,17,10,1,0,0,0,1,5.105654716491699,0
0,37,9,1,0,0,0,1,6.397600173950195,0
1,41,4,1,0,1,0,1,7.63116455078125,0
1,42,14,1,0,1,0,1,7.159263610839844,0
0,17,8,1,0,0,0,1,0,1
1,29,8,1,0,0,0,1,8.028016090393066,0
1,35,10,1,0,0,0,1,0,1
1,27,11,1,0,0,0,1,11.80191612243652,0
1,29,4,1,0,0,0,1,6.562495231628418,0
0,28,9,1,0,0,0,1,4.050457954406738,0
0,27,11,1,0,0,0,1,6.473734855651855,0
0,45,5,1,0,1,0,1,1.333526611328125,0
0,29,13,1,0,0,0,1,10.43722629547119,0
1,27,9,1,0,0,0,1,7.024502754211426,0
1,46,13,1,0,0,0,1,.1493680477142334,0
1,18,6,1,0,0,0,1,0,1
1,25,12,1,0,0,0,1,11.11319541931152,0
0,28,15,1,0,0,0,1,0,1
0,22,12,1,0,0,0,1,0,1
1,21,9,1,0,0,0,1,11.36190891265869,0
1,40,11,1,0,0,0,1,0,1
0,22,11,1,0,0,0,1,6.826835632324219,0
1,25,12,1,0,0,0,1,10.62798881530762,0
1,18,12,1,0,0,0,1,6.988803863525391,0
1,27,13,1,0,0,0,1,0,1
1,27,8,1,0,0,0,1,3.596035957336426,0
1,38,11,1,0,0,0,1,0,1
0,26,11,1,0,0,0,1,12.60366344451904,0
1,25,8,1,0,0,0,1,2.035846710205078,0
1,31,11,1,0,1,0,1,0,1
0,17,10,1,0,0,0,1,0,1
1,25,11,1,0,0,0,1,4.789387226104736,0
1,21,12,1,0,0,0,1,1.007693767547607,0
1,44,11,1,0,0,0,1,0,1
0,18,9,1,0,0,0,1,0,1
1,42,12,1,0,0,0,1,5.872337341308594,0
0,25,10,1,0,0,0,1,9.812441825866699,0
0,24,10,1,0,0,0,1,0,1
0,26,10,1,0,0,0,1,5.877433776855469,0
1,25,11,1,0,0,0,1,0,1
0,18,11,1,0,0,0,1,.9476823806762695,0
0,19,11,1,0,0,0,1,0,1
0,43,9,1,0,0,0,1,1.968749523162842,0
0,27,13,1,0,0,0,1,0,1
1,17,9,1,0,0,0,1,0,1
1,30,11,1,0,0,0,1,23.43644714355469,0
0,26,10,1,0,1,0,1,19.80266380310059,0
1,20,9,1,0,0,0,1,1.951266288757324,0
1,20,12,1,0,0,.3304159939289093,0,4.912197113037109,0
0,18,11,1,0,0,.4291279911994934,0,2.209599494934082,0
0,27,12,1,0,1,.6680980324745178,0,.0783238410949707,0
0,27,12,1,0,0,.7159000039100647,0,4.247094631195068,0
1,20,12,1,0,0,.7551379799842834,0,29.0262336730957,0
0,19,10,1,0,0,.7705479860305786,0,6.437728881835938,0
0,23,12,1,0,0,1.002148032188416,0,10.47367286682129,0
0,29,14,1,0,0,1.35934591293335,0,2.336353302001953,0
1,18,10,1,0,0,1.597815990447998,0,9.925124168395996,0
1,19,9,1,0,0,1.597815990447998,0,16.26148223876953,0
1,27,9,1,0,1,1.868890047073364,0,2.910416603088379,0
1,22,12,1,0,0,1.872354030609131,0,24.52980041503906,0
1,23,10,1,0,1,1.872878074645996,0,8.948436737060547,0
1,20,11,1,0,0,2.441679954528809,0,19.39343643188477,0
1,17,9,1,0,0,2.506879806518555,0,.6307849884033203,0
0,28,11,1,0,0,2.568159818649292,0,11.14047718048096,0
1,26,11,1,0,1,2.785699844360352,0,10.35087299346924,0
0,20,11,1,0,0,2.969980001449585,0,13.41340065002441,0
1,24,11,1,0,1,3.332220077514648,0,8.936829566955566,0
1,31,9,1,0,0,3.397219896316528,0,5.048847198486328,0
1,18,10,1,0,0,3.568540096282959,0,0,1
1,29,12,1,0,0,3.634560108184814,0,20.80018424987793,0
1,24,9,1,0,0,4.577359676361084,0,13.72101211547852,0
1,25,12,1,0,0,4.818540096282959,0,10.25663185119629,0
0,24,10,1,0,0,4.843899726867676,0,5.328166961669922,0
1,46,8,1,0,0,5.18943977355957,0,7.717205047607422,0
1,19,11,1,0,0,5.230559825897217,0,19.35393905639648,0
1,19,8,1,0,0,5.314120292663574,0,0,1
1,27,11,1,0,0,5.332540035247803,0,9.03258228302002,0
1,26,11,1,0,1,5.509299755096436,0,9.656648635864258,0
1,20,10,1,0,0,5.554720401763916,0,5.880825042724609,0
1,28,10,1,0,0,5.673019886016846,0,9.992176055908203,0
0,24,12,1,0,0,5.685520172119141,0,11.95225811004639,0
1,19,8,1,0,0,5.874519824981689,0,0,1
1,23,12,1,0,0,6.079919815063477,0,3.77623462677002,0
1,42,9,1,0,1,6.11706018447876,0,8.305878639221191,0
1,25,13,1,0,0,6.181459903717041,0,8.56166934967041,0
0,18,9,1,0,0,6.574759960174561,0,6.042552947998047,0
1,21,12,1,0,0,6.664819717407227,0,5.147562026977539,0
1,27,10,1,0,0,7.100160121917725,0,10.72336387634277,0
1,21,8,1,0,0,7.391799926757813,0,5.292472839355469,0
1,22,9,1,0,0,7.673979759216309,0,15.47797966003418,0
1,31,4,1,0,0,8.046420097351074,0,0,1
1,24,10,1,0,1,8.156299591064453,0,16.73903656005859,0
1,29,10,1,0,0,8.797900199890137,0,22.21488952636719,0
1,29,12,1,0,0,9.757880210876465,0,11.78015995025635,0
1,31,9,1,0,0,11.03567981719971,0,12.43997478485107,0
0,22,10,1,0,1,11.17732048034668,0,5.421930313110352,0
1,21,9,1,0,0,11.49866008758545,0,16.2376594543457,0
1,17,10,1,0,0,11.58769989013672,0,7.490917205810547,0
0,26,12,1,0,1,11.58965969085693,0,18.53046607971191,0
1,19,10,1,0,0,12.11349964141846,0,8.568047523498535,0
0,28,11,1,0,0,13.74372005462646,0,13.81684875488281,0
0,33,11,1,0,0,15.73583984375,0,4.61651611328125,0
0,35,9,1,0,1,27.66119956970215,0,6.000209808349609,0
1,22,9,0,1,0,0,1,8.943302154541016,0
0,33,12,0,0,1,0,1,12.08923435211182,0
0,41,14,0,0,0,0,1,3.27660083770752,0
0,38,9,0,0,0,0,1,2.534676551818848,0
0,27,10,0,1,0,0,1,14.1253547668457,0
1,19,9,0,0,0,0,1,7.048984527587891,0
1,18,8,0,1,1,0,1,11.2064847946167,0
0,22,11,0,0,0,0,1,0,1
1,23,7,0,0,0,0,1,0,1
1,25,11,0,0,0,0,1,4.400693416595459,0
0,38,12,0,0,0,0,1,6.811372756958008,0
1,23,8,0,1,0,0,1,7.717041015625,0
0,21,12,0,0,0,0,1,.6610565185546875,0
1,25,12,0,0,0,0,1,9.359905242919922,0
1,31,9,0,1,0,0,1,0,1
1,17,9,0,1,0,.1486869901418686,0,17.58712768554688,0
1,21,12,0,0,0,.6680980324745178,0,7.703948974609375,0
1,27,13,0,0,1,1.707446098327637,0,7.319976806640625,0
1,18,11,0,0,0,1.839115977287292,0,6.738174438476563,0
1,23,12,0,1,0,2.234879970550537,0,13.85174369812012,0
1,23,8,0,0,1,3.426300048828125,0,9.171518325805664,0
1,26,11,0,0,0,4.452539920806885,0,17.76301956176758,0
1,31,12,0,0,0,5.222439765930176,0,9.262367248535156,0
1,19,10,0,0,0,10.64822006225586,0,26.6197395324707,0
1,19,11,0,1,1,10.92759990692139,0,26.00232315063477,0
1,20,9,0,1,0,11.75009918212891,0,14.87652969360352,0
0,22,12,0,1,1,14.11140060424805,0,4.558857440948486,0
0,22,12,0,0,0,16.9109992980957,0,14.40520668029785,0
0,29,10,0,1,0,17.70734024047852,0,14.11379241943359,0
0,50,12,1,0,1,0,1,.3219397068023682,0
0,28,12,1,0,1,0,1,1.532642364501953,0
1,25,12,1,0,0,0,1,0,1
0,50,12,1,0,1,0,1,0,1
1,23,12,1,0,0,0,1,0,1
0,34,14,1,0,1,0,1,9.39827823638916,0
1,36,12,1,0,1,0,1,0,1
0,36,12,1,0,1,17.90322113037109,0,24.83543586730957,0
0,33,13,1,0,1,21.48380088806152,0,17.08756065368652,0
1,43,12,1,0,1,3.759680032730103,0,14.45484924316406,0
0,24,12,1,0,0,0,1,2.13065242767334,0
1,23,12,1,0,0,6.445160388946533,0,8.857069969177246,0
0,22,12,1,0,1,0,1,0,1
0,20,12,1,0,0,25.06459999084473,0,17.49767875671387,0
1,21,12,1,0,0,10.92096042633057,0,11.34097003936768,0
1,22,12,1,0,1,4.941299915313721,0,13.59906005859375,0
1,20,12,1,0,0,8.951620101928711,0,5.616735458374023,0
1,28,12,1,0,0,5.729040145874023,0,16.0671215057373,0
0,24,12,1,0,0,9.309679985046387,0,4.016609668731689,0
0,22,12,1,0,0,34.26679992675781,0,9.513391494750977,0
0,20,12,1,0,0,17.90322113037109,0,1.892781257629395,0
1,27,12,1,0,1,3.988840103149414,0,7.470744132995605,0
0,23,12,1,0,1,5.729040145874023,0,12.74183654785156,0
0,23,12,1,0,1,23.27419853210449,0,6.112253189086914,0
1,19,12,1,0,0,16.11289978027344,0,15.06954765319824,0
1,21,12,1,0,1,6.087100028991699,0,6.277751922607422,0
0,24,12,1,0,1,17.90322113037109,0,8.860458374023438,0
0,31,12,1,0,1,22.1284008026123,0,22.07841873168945,0
1,22,12,1,0,0,20.73559951782227,0,0,1
0,20,13,1,0,0,25.06459999084473,0,14.58222961425781,0
0,23,12,1,0,0,25.06459999084473,0,22.65157508850098,0
1,22,12,1,0,0,8.951620101928711,0,12.1921443939209,0
0,21,12,1,0,0,22.91619873046875,0,15.06353759765625,0
0,27,12,1,0,1,0,1,0,1
1,27,13,1,0,1,8.192519187927246,0,9.794546127319336,0
0,24,12,1,0,1,28.64519882202148,0,19.97768020629883,0
0,28,15,1,0,0,0,1,16.83185577392578,0
0,53,14,1,0,1,16.84335899353027,0,11.81528759002686,0
1,19,12,1,0,0,7.519360065460205,0,9.208683013916016,0
0,32,12,1,0,1,10.74194049835205,0,6.313043594360352,0
0,20,12,1,0,1,17.90322113037109,0,2.33148193359375,0
0,27,12,1,0,1,17.90322113037109,0,3.336755752563477,0
0,23,12,1,0,1,25.06459999084473,0,16.17204856872559,0
0,23,12,1,0,1,26.85480117797852,0,22.06402778625488,0
1,21,12,1,0,1,26.18519973754883,0,18.26644134521484,0
0,24,12,1,0,1,30.83300018310547,0,7.828292846679688,0
1,26,12,1,0,1,17.18709945678711,0,11.07874202728271,0
0,23,14,1,0,1,20.79640007019043,0,20.84107780456543,0
1,25,12,1,0,0,12.53225994110107,0,10.5353889465332,0
0,23,12,1,0,1,24.3484001159668,0,19.63928985595703,0
0,27,12,1,0,0,28.64519882202148,0,8.469703674316406,0
0,21,12,1,0,0,29.71940040588379,0,20.51522827148438,0
0,23,14,1,0,1,25.06459999084473,0,19.74226188659668,0
0,23,16,1,0,0,32.98139953613281,0,23.71117210388184,0
1,27,12,1,0,1,10.74194049835205,0,.9766561985015869,0
0,21,12,1,0,1,14.32258033752441,0,9.977707862854004,0
1,23,12,1,0,1,16.54257965087891,0,.976111888885498,0
1,21,14,1,0,0,10.74194049835205,0,20.45917701721191,0
1,27,12,1,0,1,0,1,2.895140647888184,0
0,21,12,1,0,1,8.593540191650391,0,11.67768383026123,0
0,33,12,1,0,0,17.90322113037109,0,19.84369277954102,0
0,22,12,1,0,1,21.48380088806152,0,17.50962066650391,0
0,29,12,1,0,1,25.06459999084473,0,17.74960899353027,0
0,23,12,1,0,1,25.06459999084473,0,21.60765075683594,0
0,27,12,1,0,1,28.64519882202148,0,9.064324378967285,0
0,24,12,1,0,1,28.64519882202148,0,15.20323944091797,0
0,26,12,1,0,0,21.48380088806152,0,25.35188674926758,0
0,31,12,1,0,1,17.90322113037109,0,17.85840034484863,0
0,25,13,1,0,0,30.79360008239746,0,8.85814380645752,0
1,27,12,1,0,0,6.445160388946533,0,13.00546836853027,0
0,27,12,1,0,1,17.90322113037109,0,16.82942581176758,0
0,24,12,1,0,0,18.61935997009277,0,5.757001876831055,0
0,20,12,1,0,0,32.74499893188477,0,14.98260498046875,0
1,26,12,1,0,1,2.148379802703857,0,2.682976722717285,0
0,23,12,1,0,1,15.62594032287598,0,4.13715124130249,0
0,24,12,1,0,0,26.13880157470703,0,22.54895782470703,0
0,23,12,1,0,0,5.370959758758545,0,14.61352920532227,0
1,28,14,1,0,1,0,1,0,1
0,29,12,1,0,1,19.69353866577148,0,17.00081634521484,0
0,24,13,1,0,1,21.48380088806152,0,16.85551071166992,0
0,21,12,1,0,1,28.64519882202148,0,19.86971855163574,0
0,25,12,1,0,1,28.64519882202148,0,8.918280601501465,0
0,22,13,1,0,1,30.43540000915527,0,27.78287315368652,0
0,27,15,1,0,0,33.48979949951172,0,13.45803642272949,0
0,26,12,1,0,1,28.30140113830566,0,26.06286430358887,0
0,25,13,1,0,1,27.64980125427246,0,17.02814674377441,0
0,30,12,1,0,1,21.48380088806152,0,24.5345573425293,0
1,37,17,1,0,1,2.613879919052124,0,12.36337089538574,0
0,23,12,1,0,0,28.64519882202148,0,1.408885955810547,0
0,27,12,1,0,1,24.70639991760254,0,18.0309944152832,0
0,22,12,1,0,1,26.85480117797852,0,23.23273277282715,0
1,22,12,1,0,1,0,1,.8673548698425293,0
0,25,12,1,0,1,16.47096061706543,0,5.27107048034668,0
0,33,12,1,0,0,22.20000076293945,0,0,1
0,55,16,1,0,1,23.99040031433105,0,3.006868839263916,0
0,47,12,1,0,1,24.86759948730469,0,8.395852088928223,0
0,20,12,1,0,1,25.06459999084473,0,11.85360050201416,0
1,26,12,1,0,1,25.06459999084473,0,17.07985305786133,0
0,21,12,1,0,0,26.67939949035645,0,24.84435844421387,0
0,24,12,1,0,1,32.22579956054688,0,30.13930511474609,0
0,29,12,1,0,1,30.79360008239746,0,16.23929786682129,0
1,24,12,1,0,1,23.63219833374023,0,14.14659881591797,0
0,22,14,1,0,1,25.06459999084473,0,20.8006420135498,0
0,27,12,1,0,1,26.85480117797852,0,20.7567195892334,0
0,28,12,1,0,1,29.71940040588379,0,10.47914981842041,0
0,22,12,1,0,1,29.36119842529297,0,10.05475044250488,0
0,42,12,1,0,1,22.37180137634277,0,13.32610702514648,0
0,22,13,1,0,1,28.64159965515137,0,24.78912353515625,0
1,26,12,1,0,1,17.90322113037109,0,18.48308563232422,0
0,25,12,1,0,1,7.476379871368408,0,16.34171295166016,0
0,28,15,1,0,1,18.90579986572266,0,17.64171028137207,0
0,21,13,1,0,1,25.06459999084473,0,4.276408672332764,0
0,54,16,1,0,1,28.64519882202148,0,12.52427577972412,0
0,21,12,1,0,1,19.69353866577148,0,9.127424240112305,0
1,23,12,1,0,1,20.98259925842285,0,28.63904571533203,0
0,43,12,1,0,1,21.48380088806152,0,7.648383140563965,0
0,27,14,1,0,1,0,1,6.505778312683105,0
1,21,12,1,0,0,1.432258009910583,0,6.306186676025391,0
0,25,12,1,0,1,10.74194049835205,0,5.091350555419922,0
1,31,12,1,0,1,3.007740020751953,0,13.44712257385254,0
1,54,3,1,0,0,0,1,0,1
1,54,3,1,0,1,0,1,1.181704521179199,0
1,54,3,1,0,1,0,1,0,1
0,54,3,1,0,1,0,1,0,1
1,53,4,1,0,0,0,1,0,1
0,51,4,1,0,1,0,1,0,1
1,51,5,1,0,0,0,1,0,1
1,46,6,1,0,1,0,1,5.672294616699219,0
1,41,6,1,0,1,0,1,0,1
1,45,7,1,0,1,0,1,0,1
1,55,8,1,0,1,0,1,0,1
1,53,8,1,0,1,0,1,0,1
0,45,9,1,0,1,0,1,0,1
0,45,9,1,0,1,0,1,6.889043807983398,0
1,23,9,1,0,0,0,1,5.918540954589844,0
1,54,10,1,0,1,0,1,0,1
1,54,10,1,0,1,0,1,6.649867057800293,0
0,25,11,1,0,0,0,1,0,1
1,23,11,1,0,0,0,1,2.559506416320801,0
0,23,11,1,0,0,0,1,3.50071907043457,0
1,52,10,1,0,1,0,1,2.350481986999512,0
1,43,9,1,0,1,0,1,7.031360626220703,0
0,54,4,1,0,1,0,1,9.378281593322754,0
1,49,4,1,0,1,0,1,5.308681488037109,0
1,21,8,1,0,0,1.790322065353394,0,2.024323463439941,0
1,21,11,1,0,0,19.69353866577148,0,13.8614387512207,0
0,43,3,1,0,1,0,1,0,1
1,52,6,1,0,1,2.492120027542114,0,14.9910888671875,0
0,52,7,1,0,0,10.02579975128174,0,0,1
0,29,11,1,0,1,0,1,0,1
1,31,6,1,0,0,1.110000014305115,0,1.569539070129395,0
1,23,10,1,0,0,10.74194049835205,0,5.15571117401123,0
1,19,11,1,0,0,0,1,.7532944679260254,0
0,35,9,1,0,0,10.74194049835205,0,6.698657989501953,0
1,21,10,1,0,0,16.29194068908691,0,11.85735130310059,0
0,41,8,1,0,1,16.75741958618164,0,11.69796085357666,0
0,41,8,1,0,1,16.75741958618164,0,15.84684944152832,0
1,20,8,1,0,0,7.304520130157471,0,11.64675998687744,0
1,30,9,1,0,0,.3258379995822906,0,2.114789009094238,0
1,29,10,1,0,0,5.370959758758545,0,12.2131462097168,0
1,22,11,1,0,0,0,1,11.94186115264893,0
0,25,10,1,0,0,10.74194049835205,0,3.158259391784668,0
1,20,8,1,0,0,3.677320003509521,0,18.52963829040527,0
0,40,4,1,0,0,3.86710000038147,0,4.137563228607178,0
1,22,9,1,0,0,8.690219879150391,0,0,1
1,24,10,1,0,0,7.805799961090088,0,1.781678199768066,0
1,19,6,1,0,0,0,1,2.160630226135254,0
1,50,10,1,0,1,0,1,3.735830783843994,0
1,38,3,1,0,1,11.45805931091309,0,4.409851551055908,0
1,38,3,1,0,1,11.45805931091309,0,16.36780166625977,0
1,43,10,1,0,1,4.296779632568359,0,8.991579055786133,0
0,30,6,1,0,1,6.803220272064209,0,0,1
1,35,10,1,0,1,7.590960025787354,0,6.093267440795898,0
1,35,10,1,0,1,7.590960025787354,0,18.29495811462402,0
1,35,10,1,0,1,7.590960025787354,0,13.86183166503906,0
0,44,11,1,0,1,10.74194049835205,0,0,1
1,23,10,1,0,0,14.32258033752441,0,19.99957275390625,0
0,41,8,1,0,1,22.34319877624512,0,12.30994129180908,0
0,39,5,1,0,1,26.85480117797852,0,10.28446483612061,0
0,39,5,1,0,1,26.85480117797852,0,17.22618293762207,0
0,39,5,1,0,1,26.85480117797852,0,18.6089973449707,0
0,25,11,1,0,0,23.27419853210449,0,10.82095432281494,0
1,38,9,1,0,1,15.88374042510986,0,15.01514434814453,0
0,50,9,1,0,1,14.93846035003662,0,1.092159748077393,0
0,22,11,1,0,1,12.37470054626465,0,25.34334945678711,0
1,19,10,1,0,0,6.874839782714844,0,2.777827262878418,0
1,25,10,1,0,1,8.564900398254395,0,21.96898078918457,0
0,47,6,1,0,1,8.593540191650391,0,4.221725463867188,0
0,24,8,1,0,1,10.74194049835205,0,14.05903625488281,0
0,44,11,1,0,0,12.53225994110107,0,4.513418197631836,0
0,24,11,1,0,1,0,1,7.606671333312988,0
0,19,11,1,0,1,15.18194007873535,0,15.33395004272461,0
0,22,11,1,0,0,26.85480117797852,0,17.42397880554199,0
1,30,6,1,0,1,0,1,8.791489601135254,0
1,50,10,1,0,1,0,1,0,1
1,26,8,1,0,1,8.593540191650391,0,12.68595695495605,0
1,46,6,1,0,0,19.35696029663086,0,0,1
0,38,10,1,0,1,0,1,0,1
0,24,9,1,0,0,10.74194049835205,0,6.135835647583008,0
0,55,3,1,0,1,10.74194049835205,0,.2544000148773193,0
1,40,5,1,0,1,10.74194049835205,0,4.198843002319336,0
0,25,9,1,0,1,12.53225994110107,0,23.14938545227051,0
0,43,7,1,0,1,13.63151931762695,0,7.27350902557373,0
0,18,11,1,0,0,13.86425971984863,0,11.84544658660889,0
0,28,7,1,0,1,16.28478050231934,0,11.06857967376709,0
0,52,4,1,0,1,23.27419853210449,0,0,1
1,22,8,1,0,1,24.0620002746582,0,9.006879806518555,0
0,34,7,1,0,1,25.06459999084473,0,17.15833854675293,0
0,31,9,1,0,1,11.24321937561035,0,19.2911205291748,0
0,27,8,1,0,0,13.24837970733643,0,5.527305603027344,0
1,32,11,1,0,1,0,1,10.59425354003906,0
1,49,5,1,0,0,11.45805931091309,0,1.709758281707764,0
0,33,8,1,0,1,17.15846061706543,0,19.3792552947998,0
0,26,8,1,0,1,7.161299705505371,0,9.968996047973633,0
0,20,10,1,0,1,13.66374015808105,0,0,1
0,45,8,1,0,1,19.07410049438477,0,2.773394107818604,0
0,33,11,1,0,1,23.27419853210449,0,5.511017799377441,0
0,41,3,1,0,1,6.445160388946533,0,2.497183322906494,0
1,25,7,1,0,1,21.48380088806152,0,23.44671058654785,0
0,35,11,1,0,1,17.11548042297363,0,9.184956550598145,0
0,35,11,1,0,1,17.11548042297363,0,17.33778190612793,0
0,41,4,1,0,0,10.74194049835205,0,0,1
0,36,6,1,0,0,14.89548015594482,0,0,1
1,52,5,1,0,1,8.593540191650391,0,8.240914344787598,0
1,52,5,1,0,1,8.593540191650391,0,0,1
0,29,10,1,0,1,16.24538040161133,0,3.557393074035645,0
1,42,10,1,0,0,3.437419891357422,0,6.510007858276367,0
1,22,11,1,0,1,10.02579975128174,0,8.582098960876465,0
1,27,11,1,0,1,10.74194049835205,0,15.23705673217773,0
0,42,5,1,0,1,14.32258033752441,0,15.52376937866211,0
0,42,5,1,0,1,14.32258033752441,0,14.79173278808594,0
1,28,9,1,0,1,16.47096061706543,0,6.35651683807373,0
0,45,9,1,0,1,17.90322113037109,0,17.1989631652832,0
0,45,6,1,0,1,17.90322113037109,0,1.963938236236572,0
0,34,9,1,0,1,22.42200088500977,0,13.80233383178711,0
0,49,5,1,0,1,15.39678001403809,0,5.774733543395996,0
0,27,7,1,0,1,14.32258033752441,0,16.29066848754883,0
0,21,11,1,0,1,9.696379661560059,0,6.626386642456055,0
0,54,6,1,0,1,0,1,0,1
0,40,9,1,0,1,13.14453983306885,0,10.29994869232178,0
0,41,5,1,0,1,21.48380088806152,0,16.39243125915527,0
0,29,10,1,0,1,16.64999961853027,0,3.140144348144531,0
0,29,10,1,0,1,21.78459930419922,0,8.519603729248047,0
0,26,10,1,0,1,0,1,0,1
0,40,8,1,0,1,16.11289978027344,0,8.785052299499512,0
0,40,7,1,0,1,17.90322113037109,0,13.64941596984863,0
0,49,7,1,0,0,22.54019927978516,0,0,1
0,50,8,1,0,1,19.69353866577148,0,6.213848114013672,0
0,24,8,1,0,1,26.0669994354248,0,26.51604270935059,0
0,24,10,1,0,1,13.24837970733643,0,5.313362121582031,0
0,30,11,1,0,1,17.61677932739258,0,14.46541595458984,0
1,26,10,1,0,1,9.846779823303223,0,20.33015632629395,0
0,50,5,1,0,1,20.27359962463379,0,10.0837287902832,0
0,22,10,1,0,1,18.04646110534668,0,22.39945983886719,0
0,40,7,1,0,1,17.34822082519531,0,13.78062438964844,0
1,52,5,1,0,1,2.148379802703857,0,7.037315368652344,0
0,49,5,1,0,1,10.74194049835205,0,12.72332382202148,0
0,20,10,1,0,1,10.74194049835205,0,14.86809158325195,0
0,44,5,1,0,1,17.90322113037109,0,.6465485095977783,0
0,34,9,1,0,1,17.90322113037109,0,10.41620826721191,0
0,46,9,1,0,0,18.61935997009277,0,18.89083671569824,0
0,47,4,1,0,0,21.48380088806152,0,.4250211715698242,0
0,24,11,1,0,1,21.48380088806152,0,6.318466186523438,0
0,39,5,1,0,1,21.48380088806152,0,0,1
0,32,11,1,0,0,28.64519882202148,0,16.7791576385498,0
0,23,11,1,0,1,12.53225994110107,0,22.39850616455078,0
0,39,11,1,0,1,23.27419853210449,0,20.2421875,0
0,41,10,1,0,1,29.51519966125488,0,22.3730297088623,0
0,32,10,1,0,0,17.90322113037109,0,18.35994148254395,0
0,40,5,1,0,1,24.3484001159668,0,4.173168182373047,0
0,37,11,1,0,1,27.92900085449219,0,11.41816806793213,0
0,37,11,1,0,1,27.92900085449219,0,13.13501358032227,0
1,29,10,1,0,1,14.60904026031494,0,17.43286895751953,0
0,28,7,1,0,1,16.52109909057617,0,16.36566734313965,0
1,39,9,1,0,1,19.33547973632813,0,8.00489330291748,0
1,39,9,1,0,1,19.33547973632813,0,24.58988952636719,0
0,34,8,1,0,1,25.06459999084473,0,23.22575759887695,0
0,49,10,1,0,1,0,1,1.964118003845215,0
0,49,10,1,0,1,0,1,0,1
0,47,6,1,0,1,16.11289978027344,0,4.545552730560303,0
0,30,9,1,0,1,17.90322113037109,0,13.46810531616211,0
0,31,9,1,0,1,17.90322113037109,0,10.73606872558594,0
0,44,7,1,0,1,21.48380088806152,0,20.08161735534668,0
1,48,10,1,0,1,10.74194049835205,0,20.46953773498535,0
0,27,11,1,0,1,7.877419948577881,0,8.119363784790039,0
0,22,11,1,0,0,14.32258033752441,0,10.01959609985352,0
1,22,11,1,0,0,10.38387966156006,0,8.974745750427246,0
0,26,6,1,0,1,19.61477851867676,0,10.35568618774414,0
0,22,9,1,0,1,20.83940124511719,0,17.28574371337891,0
0,33,6,1,0,1,11.91637992858887,0,0,1
1,34,11,1,0,0,4.296779632568359,0,1.029886245727539,0
1,23,11,1,0,1,11.63709926605225,0,15.46558952331543,0
0,25,9,1,0,0,14.32258033752441,0,7.438398361206055,0
1,28,9,1,0,1,14.32258033752441,0,20.0910758972168,0
0,35,11,1,0,1,17.90322113037109,0,1.964716911315918,0
0,29,10,1,0,1,19.56105995178223,0,18.72438812255859,0
0,42,8,1,0,1,21.48380088806152,0,2.185140609741211,0
0,47,11,1,0,1,21.48380088806152,0,5.784247398376465,0
0,39,10,1,0,0,25.06459999084473,0,14.93552780151367,0
0,43,8,1,0,1,25.06459999084473,0,11.73940849304199,0
0,43,8,1,0,1,25.06459999084473,0,26.73408699035645,0
0,28,10,1,0,1,30.43540000915527,0,10.10449695587158,0
0,47,11,1,0,1,32.10760116577148,0,20.28914070129395,0
0,53,4,1,0,1,17.90322113037109,0,4.770251274108887,0
0,54,4,1,0,0,21.93140029907227,0,0,1
0,44,7,1,0,1,29.13219833374023,0,21.70252227783203,0
0,54,3,1,0,1,19.2137393951416,0,0,1
0,34,10,1,0,1,23.27419853210449,0,13.8471736907959,0
0,48,5,1,0,1,27.21299934387207,0,18.42855834960938,0
1,25,10,1,0,1,17.90322113037109,0,3.167239189147949,0
0,53,6,1,0,1,21.48380088806152,0,8.592016220092773,0
1,31,6,1,0,0,21.48380088806152,0,19.43867683410645,0
1,50,6,1,0,1,8.185359954833984,0,0,1
0,31,11,1,0,1,29.71940040588379,0,13.41073226928711,0
0,21,9,1,0,0,32.65539932250977,0,14.59535980224609,0
0,36,11,1,0,1,25.06459999084473,0,21.33675384521484,0
0,44,9,1,0,1,29.28960037231445,0,12.10955429077148,0
0,46,8,1,0,1,14.17936038970947,0,8.830533981323242,0
0,48,6,1,0,0,23.27419853210449,0,5.804082870483398,0
0,50,7,1,0,1,25.06459999084473,0,5.960795402526855,0
0,50,7,1,0,1,25.06459999084473,0,8.509793281555176,0
0,26,11,1,0,1,26.49680137634277,0,24.79985427856445,0
0,30,10,1,0,0,28.64519882202148,0,15.56522750854492,0
0,46,10,1,0,1,32.22579956054688,0,17.35072135925293,0
0,33,10,1,0,0,27.92900085449219,0,1.821949005126953,0
0,53,5,1,0,1,5.320839881896973,0,.199007511138916,0
0,24,10,1,0,1,21.48380088806152,0,11.39818668365479,0
0,55,3,1,0,1,26.92640113830566,0,0,1
0,41,10,1,0,0,30.50699996948242,0,18.95100784301758,0
1,25,11,1,0,1,13.24837970733643,0,20.30561256408691,0
0,23,11,1,0,1,26.85480117797852,0,2.18423318862915,0
0,42,11,1,0,0,30.43540000915527,0,6.456914901733398,0
0,53,9,1,0,1,27.39559936523438,0,1.549403190612793,0
0,31,8,1,0,1,21.70219993591309,0,7.504928588867188,0
0,19,11,1,0,0,21.48380088806152,0,10.67211532592773,0
1,31,11,1,0,0,8.632940292358398,0,20.4728946685791,0
1,25,11,1,0,0,13.96451950073242,0,7.287378311157227,0
0,23,11,1,0,1,16.82903861999512,0,25.69048881530762,0
0,34,10,1,0,0,25.06459999084473,0,9.864946365356445,0
0,51,8,1,0,1,11.60130023956299,0,9.131988525390625,0
1,53,4,1,0,1,1.969354033470154,0,2.034222602844238,0
0,48,8,1,0,1,23.27419853210449,0,0,1
1,48,8,1,0,1,23.27419853210449,0,14.07903671264648,0
0,23,11,1,0,1,21.48380088806152,0,14.53297424316406,0
1,42,8,1,0,0,21.12580108642578,0,13.62802124023438,0
1,30,10,1,0,1,0,1,7.048338890075684,0
1,47,12,0,0,0,0,1,3.234657287597656,0
0,44,12,0,0,0,0,1,0,1
0,54,12,0,0,1,0,1,.0390055179595947,0
0,55,12,0,1,1,0,1,0,1
1,47,12,0,0,1,0,1,0,1
0,44,12,0,0,1,0,1,0,1
1,49,14,0,0,1,0,1,0,1
0,55,14,0,0,1,0,1,0,1
1,34,16,0,0,1,0,1,8.971944808959961,0
0,55,13,0,1,1,0,1,0,1
1,52,12,0,0,1,0,1,0,1
0,52,15,0,0,1,0,1,1.247216701507568,0
1,30,16,0,0,1,0,1,2.798937797546387,0
1,21,12,0,0,0,0,1,7.987300872802734,0
1,30,17,0,0,0,0,1,4.951213359832764,0
0,44,12,0,0,1,0,1,0,1
1,46,12,0,0,0,0,1,0,1
0,53,17,0,0,1,0,1,0,1
1,26,16,0,0,0,0,1,21.99560356140137,0
0,49,12,0,0,1,0,1,0,1
1,39,15,0,0,1,0,1,14.06680297851563,0
0,26,17,0,0,1,0,1,13.44116592407227,0
0,32,16,0,0,1,0,1,4.879766464233398,0
1,34,12,0,0,1,0,1,1.881366729736328,0
1,31,14,0,0,1,0,1,5.195102691650391,0
1,39,17,0,1,1,0,1,.8790192604064941,0
0,40,17,0,0,1,0,1,4.670965671539307,0
1,31,12,0,0,1,0,1,10.87350749969482,0
0,27,13,0,0,1,0,1,5.290531158447266,0
0,48,12,0,0,1,0,1,6.387641906738281,0
0,41,13,0,0,1,0,1,.3425147533416748,0
1,26,14,0,0,0,0,1,12.54270839691162,0
0,50,17,0,0,0,0,1,8.022418022155762,0
0,48,12,0,0,1,0,1,9.376358985900879,0
0,45,16,0,0,1,0,1,0,1
0,37,13,0,0,1,0,1,13.86405754089355,0
1,33,12,0,0,1,0,1,4.102451801300049,0
0,31,12,0,0,1,0,1,14.9545955657959,0
0,44,13,0,0,1,0,1,0,1
1,28,17,0,0,1,0,1,15.0020637512207,0
1,30,17,0,0,1,0,1,17.6030216217041,0
0,42,16,0,0,1,0,1,6.978731155395508,0
1,30,12,0,0,1,0,1,22.79485702514648,0
0,27,16,0,0,1,0,1,2.187648296356201,0
0,37,12,0,0,1,0,1,0,1
1,37,12,0,0,1,0,1,0,1
0,45,12,0,0,1,0,1,0,1
0,35,16,0,0,1,0,1,6.141729354858398,0
0,37,17,0,0,1,0,1,5.467290878295898,0
1,27,17,0,0,1,0,1,4.50299596786499,0
0,47,14,0,0,1,0,1,0,1
0,48,12,0,0,1,0,1,4.669909000396729,0
0,42,12,0,0,1,0,1,9.268625259399414,0
0,43,12,0,0,1,0,1,0,1
0,46,12,0,0,1,0,1,.791541576385498,0
1,46,12,0,0,1,0,1,0,1
0,46,12,0,0,1,0,1,2.628020763397217,0
0,29,16,0,0,1,0,1,0,1
0,39,13,0,0,1,0,1,0,1
0,32,12,0,0,1,0,1,14.00763702392578,0
0,48,16,0,0,1,0,1,0,1
0,48,16,0,0,1,0,1,5.511950492858887,0
0,41,13,0,0,1,0,1,11.36262798309326,0
0,42,13,0,0,1,0,1,10.67485332489014,0
0,42,13,0,0,1,0,1,0,1
0,42,13,0,0,1,0,1,12.13227462768555,0
1,54,13,0,0,1,0,1,2.619848251342773,0
0,29,14,0,0,1,0,1,12.46934509277344,0
0,54,12,0,0,1,0,1,0,1
0,54,12,0,0,1,0,1,0,1
0,26,14,0,0,1,0,1,0,1
0,43,17,0,0,1,0,1,10.33330154418945,0
0,54,12,0,0,1,0,1,0,1
1,37,12,0,0,1,0,1,6.411359786987305,0
1,54,16,0,0,1,0,1,0,1
0,48,17,0,0,1,0,1,0,1
0,44,12,0,0,1,0,1,10.02915668487549,0
1,54,12,0,0,1,0,1,0,1
0,38,12,0,0,1,0,1,1.157963752746582,0
0,37,13,0,0,1,0,1,16.25079345703125,0
1,27,17,0,0,1,0,1,11.08294486999512,0
0,51,12,0,0,1,0,1,0,1
1,39,12,0,0,1,0,1,18.04084777832031,0
0,55,14,0,0,1,0,1,.1599538326263428,0
0,54,13,0,0,1,0,1,0,1
1,54,13,0,0,1,0,1,0,1
1,34,12,0,0,1,0,1,0,1
0,50,14,0,0,1,0,1,3.873262405395508,0
0,50,12,0,0,1,0,1,0,1
1,21,14,0,1,0,.1432258039712906,0,10.94610691070557,0
1,26,12,0,0,1,.1432258039712906,0,15.44501113891602,0
1,21,13,0,0,0,1.385710000991821,0,2.059671401977539,0
1,23,16,0,0,1,3.043540000915527,0,8.790752410888672,0
1,21,15,0,0,0,6.445160388946533,0,10.60586071014404,0
1,23,14,0,0,0,6.803220272064209,0,6.920017242431641,0
0,27,16,0,0,1,9.667739868164063,0,16.92660331726074,0
1,25,12,0,0,1,11.45805931091309,0,18.49471855163574,0
1,27,17,0,0,0,12.1742000579834,0,14.70978164672852,0
0,55,12,0,0,1,12.53225994110107,0,0,1
0,20,12,0,0,1,14.32258033752441,0,5.664142608642578,0
0,18,12,0,0,1,16.11289978027344,0,17.71141815185547,0
0,27,12,0,0,1,16.47096061706543,0,15.98276901245117,0
0,28,16,0,0,1,17.90322113037109,0,20.57892990112305,0
0,36,12,0,0,1,21.48380088806152,0,21.66439437866211,0
0,27,13,0,0,1,32.22579956054688,0,28.51672172546387,0
0,45,17,0,0,1,32.22579956054688,0,21.40053939819336,0
0,45,17,0,0,1,32.22579956054688,0,1.899476051330566,0
0,45,17,0,0,1,32.22579956054688,0,28.78797721862793,0
0,32,16,0,0,1,13.82129955291748,0,23.04292869567871,0
0,22,13,0,0,0,0,1,2.779616355895996,0
1,35,15,0,0,1,1.074193954467773,0,2.31306266784668,0
0,26,15,0,0,0,3.759680032730103,0,13.04258728027344,0
0,29,17,0,0,1,17.90322113037109,0,17.87550163269043,0
0,19,12,0,0,1,17.18709945678711,0,17.0012264251709,0
1,48,16,0,0,1,2.932539939880371,0,3.283561706542969,0
1,48,16,0,0,1,2.932539939880371,0,10.86737442016602,0
1,24,17,0,0,1,0,1,5.443076133728027,0
1,27,16,0,0,1,2.506459951400757,0,14.6524772644043,0
1,21,14,0,0,0,5.370959758758545,0,9.387934684753418,0
0,53,13,0,0,1,7.877419948577881,0,1.31261157989502,0
0,53,13,0,0,1,7.877419948577881,0,0,1
0,53,16,0,0,1,0,1,0,1
0,22,15,0,0,1,10.74194049835205,0,12.88057613372803,0
0,21,15,0,0,0,19.33547973632813,0,9.470891952514648,0
1,30,12,0,0,1,3.580639839172363,0,2.178280830383301,0
1,22,15,0,0,0,5.729040145874023,0,9.536159515380859,0
0,23,13,0,0,1,10.74194049835205,0,15.20158386230469,0
1,33,12,0,0,1,0,1,1.156547546386719,0
0,24,13,0,0,0,6.255379676818848,0,4.707316398620605,0
0,19,12,0,0,1,21.48380088806152,0,14.3820858001709,0
0,22,15,0,0,1,34.37419891357422,0,9.384058952331543,0
0,43,14,0,0,1,0,1,9.271546363830566,0
1,39,12,0,0,1,14.32258033752441,0,6.334861755371094,0
1,19,14,0,0,0,6.445160388946533,0,10.01660442352295,0
0,26,17,0,0,1,25.06459999084473,0,18.27765846252441,0
0,18,12,0,0,1,22.20000076293945,0,10.13566017150879,0
1,23,15,0,0,1,5.012899875640869,0,18.8396053314209,0
0,27,12,0,0,1,0,1,0,1
0,29,17,0,0,1,30.43540000915527,0,11.21132946014404,0
1,27,12,0,0,1,.5084519982337952,0,6.270030975341797,0
0,27,15,0,0,1,9.309679985046387,0,13.65954208374023,0
0,22,12,0,0,1,30.79360008239746,0,18.22680282592773,0
0,26,17,0,0,0,23.27419853210449,0,23.4138298034668,0
0,20,12,0,0,1,0,1,0,1
1,30,17,0,0,1,8.593540191650391,0,27.36929130554199,0
0,21,14,0,0,1,18.61935997009277,0,12.50382900238037,0
0,25,16,0,0,1,5.908060073852539,0,34.23531341552734,0
0,27,15,0,0,1,0,1,6.982550621032715,0
0,29,16,0,0,1,34.37419891357422,0,22.37471580505371,0
1,20,12,0,0,0,1.432258009910583,0,11.00541591644287,0
0,52,12,0,0,1,0,1,0,1
0,23,17,0,0,0,4.296779632568359,0,10.23153686523438,0
0,21,14,0,0,1,14.32258033752441,0,16.75170707702637,0
1,24,16,0,0,0,17.90322113037109,0,10.65873718261719,0
0,30,17,0,0,1,24.16940116882324,0,13.4918384552002,0
0,25,17,0,0,0,34.82899856567383,0,21.11602210998535,0
0,21,12,0,0,1,13.60645961761475,0,5.611644744873047,0
0,28,12,0,0,1,21.48380088806152,0,18.60202407836914,0
0,20,12,0,0,1,12.53225994110107,0,20.483642578125,0
1,36,16,0,0,0,9.667739868164063,0,15.56924629211426,0
0,47,12,0,0,1,19.02753829956055,0,3.22783088684082,0
0,24,16,0,0,1,9.667739868164063,0,18.2869987487793,0
0,25,17,0,0,1,21.12580108642578,0,29.83004760742188,0
0,21,16,0,0,1,21.12580108642578,0,13.77947616577148,0
0,26,14,0,0,1,26.85480117797852,0,20.68115425109863,0
0,20,13,0,1,1,20.05159950256348,0,19.31354522705078,0
0,27,14,0,0,1,0,1,6.406816482543945,0
0,26,12,0,0,0,23.27419853210449,0,10.08993339538574,0
1,23,17,0,0,1,10.74194049835205,0,3.846594333648682,0
0,21,12,0,0,1,25.06459999084473,0,25.32857704162598,0
0,28,14,0,0,1,15.75483989715576,0,9.50435733795166,0
1,25,14,0,0,0,3.580639839172363,0,14.11474609375,0
1,30,12,0,0,1,6.445160388946533,0,19.58468627929688,0
0,22,13,0,0,0,12.53225994110107,0,24.34291076660156,0
0,23,16,0,0,1,28.28700065612793,0,17.14821434020996,0
0,19,13,0,0,0,30.43540000915527,0,12.72311782836914,0
0,21,14,0,0,1,22.8158016204834,0,18.15784454345703,0
1,29,17,0,0,1,14.32258033752441,0,21.88869094848633,0
0,27,16,0,0,1,23.27419853210449,0,18.26938247680664,0
0,28,15,0,0,1,30.43540000915527,0,11.44478321075439,0
0,26,12,0,0,1,0,1,10.49345970153809,0
1,54,12,0,0,1,0,1,7.283541679382324,0
0,27,15,0,0,1,21.48380088806152,0,10.87378120422363,0
0,26,13,0,0,0,11.45805931091309,0,13.57487678527832,0
0,21,12,0,0,1,15.86942005157471,0,21.28881454467773,0
0,21,13,0,0,1,25.48699951171875,0,12.7836742401123,0
1,22,13,0,0,0,7.519360065460205,0,2.790159225463867,0
1,27,16,0,0,0,0,1,4.797656059265137,0
1,37,15,0,1,1,.3580639958381653,0,20.51121139526367,0
0,33,13,0,0,0,7.161299705505371,0,0,1
0,28,12,0,0,1,8.951620101928711,0,8.743954658508301,0
0,24,12,0,0,0,10.74194049835205,0,3.589900970458984,0
1,22,12,0,0,0,14.99573993682861,0,12.14703559875488,0
0,23,12,0,0,1,17.90322113037109,0,15.75230407714844,0
0,19,12,0,1,1,25.06459999084473,0,19.95631408691406,0
0,27,14,0,0,0,28.64519882202148,0,18.49556159973145,0
0,22,16,0,0,1,32.22579956054688,0,25.28832626342773,0
0,42,12,0,0,1,32.22579956054688,0,10.05635452270508,0
0,20,13,0,0,0,34.98300170898438,0,22.92333984375,0
1,29,13,0,0,0,0,1,2.713744163513184,0
0,19,12,0,0,1,18.61935997009277,0,15.85422897338867,0
0,26,12,0,0,1,27.21299934387207,0,22.33795547485352,0
0,29,12,0,0,1,11.81612014770508,0,15.08069038391113,0
0,25,12,0,0,0,18.26130104064941,0,12.93709850311279,0
1,21,12,0,0,1,11.45805931091309,0,15.66090393066406,0
1,22,12,0,0,1,19.87973976135254,0,19.4785041809082,0
0,22,12,0,0,1,21.48380088806152,0,17.95186996459961,0
0,18,12,0,0,0,28.64519882202148,0,18.79948616027832,0
0,25,12,0,0,1,32.22579956054688,0,17.21294403076172,0
0,23,12,0,0,1,14.32258033752441,0,15.99093246459961,0
0,21,12,0,0,1,29.99139976501465,0,18.67496109008789,0
1,19,12,0,0,1,11.10000038146973,0,12.52489280700684,0
0,46,12,0,0,1,17.00806045532227,0,11.00602436065674,0
1,24,12,0,0,1,5.729040145874023,0,0,1
1,20,13,0,1,0,0,1,11.41261863708496,0
0,24,17,0,0,1,10.74194049835205,0,16.32505416870117,0
0,23,12,0,0,1,18.26130104064941,0,14.77948760986328,0
0,34,12,0,0,1,18.33290100097656,0,17.69916343688965,0
0,35,12,0,0,1,18.62652015686035,0,8.995976448059082,0
0,23,12,0,0,0,23.66799926757813,0,22.2766170501709,0
0,21,12,0,1,1,17.5451602935791,0,10.44292831420898,0
1,26,12,0,0,1,0,1,0,1
0,23,13,0,0,1,17.18709945678711,0,18.96596908569336,0
0,27,12,0,1,1,22.5580005645752,0,10.09969139099121,0
0,50,12,0,1,1,19.69353866577148,0,24.29362487792969,0
1,25,12,0,0,1,5.370959758758545,0,11.74435520172119,0
0,21,13,0,0,1,17.18709945678711,0,5.923283576965332,0
0,19,12,0,0,1,19.69353866577148,0,13.74255561828613,0
0,20,12,0,0,1,20.40959930419922,0,16.82752418518066,0
0,32,12,0,0,1,22.91619873046875,0,16.41165924072266,0
0,24,13,0,0,1,22.91619873046875,0,17.51345443725586,0
0,26,14,0,0,1,26.85480117797852,0,16.0564079284668,0
0,20,12,0,0,1,26.85480117797852,0,8.763468742370605,0
0,24,17,0,0,0,32.22579956054688,0,16.09808349609375,0
0,21,13,0,0,0,32.22579956054688,0,13.57455825805664,0
0,22,12,0,0,0,28.64519882202148,0,8.491358757019043,0
0,47,12,0,0,1,21.04700088500977,0,0,1
0,22,12,0,0,0,31.50959968566895,0,12.25771141052246,0
0,35,12,0,0,1,18.61935997009277,0,14.32078552246094,0
0,49,12,0,0,1,22.16419982910156,0,5.421056747436523,0
1,23,12,0,0,1,21.12580108642578,0,15.23317337036133,0
1,34,17,0,0,0,14.32258033752441,0,21.28726005554199,0
0,21,12,0,0,1,16.11289978027344,0,18.0988826751709,0
1,23,12,0,0,1,10.74194049835205,0,8.255614280700684,0
1,23,12,0,0,1,14.32258033752441,0,17.74814605712891,0
0,32,17,0,0,0,14.32258033752441,0,14.61803245544434,0
0,34,12,0,0,1,23.27419853210449,0,28.8072395324707,0
0,29,12,0,0,1,25.06459999084473,0,17.62703132629395,0
0,28,14,0,0,1,26.85480117797852,0,12.32912826538086,0
0,18,12,0,0,0,28.64519882202148,0,7.182512283325195,0
0,25,13,0,0,1,33.47900009155273,0,16.29865264892578,0
0,24,12,0,0,0,31.50959968566895,0,11.75631618499756,0
1,23,12,0,0,1,20.40959930419922,0,19.17499542236328,0
1,46,12,0,0,1,14.32258033752441,0,16.02184677124023,0
0,41,12,0,0,1,21.48380088806152,0,10.1970796585083,0
0,19,12,0,0,1,28.28700065612793,0,18.71432876586914,0
0,29,12,0,0,1,18.08226013183594,0,16.9824047088623,0
0,22,12,0,0,1,9.309679985046387,0,13.92013168334961,0
0,21,12,0,0,0,19.33547973632813,0,10.86805534362793,0
0,27,12,0,0,1,25.06459999084473,0,7.255406379699707,0
0,37,12,0,0,1,22.74419975280762,0,16.30406188964844,0
0,44,12,0,0,1,14.68063926696777,0,13.37364959716797,0
0,38,16,0,0,1,15.75483989715576,0,11.919020652771,0
0,34,12,0,0,1,0,1,3.667590141296387,0
0,49,12,0,0,0,0,1,5.934682846069336,0
1,23,12,0,0,1,0,1,0,1
0,43,12,0,0,1,0,1,0,1
0,28,16,0,0,0,12.89032077789307,0,.4922313690185547,0
0,53,12,0,0,1,19.78664016723633,0,0,1
0,21,12,0,0,1,20.40959930419922,0,3.99284553527832,0
0,21,12,0,0,1,21.48380088806152,0,22.36745452880859,0
0,24,12,0,0,1,22.14980125427246,0,19.7115478515625,0
0,21,12,0,0,0,23.27419853210449,0,2.086310386657715,0
0,23,14,0,0,1,23.27419853210449,0,13.54664039611816,0
0,28,12,0,0,1,25.06459999084473,0,20.71842765808105,0
0,28,12,0,0,1,25.06459999084473,0,6.927967071533203,0
0,25,17,0,0,1,25.24359893798828,0,27.46004676818848,0
0,23,13,0,0,1,26.85480117797852,0,8.244684219360352,0
0,30,12,0,0,1,27.27019882202148,0,13.77536010742188,0
0,23,12,0,0,1,27.57099914550781,0,20.30607223510742,0
0,26,12,0,0,1,28.64519882202148,0,21.68861961364746,0
0,26,12,0,0,1,28.64519882202148,0,10.29319763183594,0
0,22,12,0,0,1,28.93159866333008,0,12.90728569030762,0
0,28,16,0,0,1,30.43540000915527,0,21.01633834838867,0
0,24,16,0,0,1,32.22579956054688,0,24.1988353729248,0
0,45,12,0,0,1,22.54019927978516,0,11.68869018554688,0
0,31,16,0,0,1,19.69353866577148,0,10.60148048400879,0
0,25,14,0,0,1,28.64519882202148,0,19.11525917053223,0
0,22,12,0,0,1,32.05039978027344,0,6.191123962402344,0
0,36,12,0,0,1,27.92900085449219,0,23.36851501464844,0
0,27,12,0,0,1,28.64519882202148,0,19.10294342041016,0
0,33,12,0,0,1,32.22579956054688,0,30.52902221679688,0
0,46,12,0,0,1,23.27419853210449,0,10.93756771087646,0
0,23,14,0,0,1,25.06459999084473,0,5.347731590270996,0
0,25,16,0,0,1,27.21299934387207,0,19.20450401306152,0
0,27,14,0,0,1,33.65800094604492,0,29.32991790771484,0
0,49,16,0,0,1,24.70639991760254,0,17.63072204589844,0
0,22,12,0,0,1,25.06459999084473,0,24.12154006958008,0
0,22,13,0,0,0,25.06459999084473,0,14.36791610717773,0
0,23,17,0,0,0,28.64519882202148,0,10.72060871124268,0
0,26,12,0,0,1,28.64519882202148,0,7.624643325805664,0
0,22,12,0,0,0,32.22579956054688,0,14.89024925231934,0
1,28,12,0,0,1,14.32258033752441,0,17.84479904174805,0
1,20,12,0,0,1,4.726459980010986,0,0,1
0,26,12,0,0,1,22.20000076293945,0,7.019796371459961,0
0,24,12,0,0,1,27.92900085449219,0,23.05230903625488,0
0,22,12,0,0,1,17.90322113037109,0,13.84137344360352,0
0,27,17,0,0,1,21.48380088806152,0,15.47543716430664,0
0,26,12,0,0,1,24.3484001159668,0,15.98037338256836,0
0,19,12,0,0,1,25.06459999084473,0,17.19254493713379,0
0,20,12,0,0,1,17.5451602935791,0,5.525795936584473,0
0,25,12,0,0,1,28.40519905090332,0,14.30763244628906,0
0,29,16,0,0,1,10.74194049835205,0,9.211583137512207,0
1,23,14,0,0,0,24.3484001159668,0,23.6622200012207,0
0,28,12,0,0,1,25.06459999084473,0,18.99715232849121,0
0,30,14,0,0,1,28.64519882202148,0,23.23301315307617,0
0,24,12,0,1,1,32.94200134277344,0,16.81537628173828,0
0,27,12,0,0,1,31.66720008850098,0,16.1045093536377,0
1,42,13,0,0,1,0,1,13.62543487548828,0
0,47,12,0,0,1,0,1,0,1
0,26,12,0,0,1,1.432258009910583,0,23.3938159942627,0
1,21,12,0,0,1,6.445160388946533,0,13.96770858764648,0
0,25,16,0,0,0,12.08467960357666,0,8.39534854888916,0
0,23,12,0,0,0,21.48380088806152,0,24.36573600769043,0
0,31,12,0,0,1,25.06459999084473,0,17.48488235473633,0
0,30,12,0,0,1,25.06459999084473,0,12.00372695922852,0
0,28,17,0,0,1,26.85480117797852,0,16.51991081237793,0
0,24,12,0,0,1,26.85480117797852,0,14.73803329467773,0
0,28,12,0,0,1,27.21299934387207,0,19.76509857177734,0
0,23,12,0,0,0,28.64519882202148,0,12.74839973449707,0
0,35,12,0,0,0,30.07740020751953,0,14.14739418029785,0
0,27,14,0,0,1,30.43540000915527,0,14.140380859375,0
0,23,12,0,0,1,31.50959968566895,0,30.81348037719727,0
0,24,12,0,0,1,32.22579956054688,0,14.8851432800293,0
0,21,14,0,0,1,17.55590057373047,0,19.67669105529785,0
0,20,12,0,0,1,28.64519882202148,0,3.987216949462891,0
1,29,12,0,0,1,14.32258033752441,0,14.09345626831055,0
0,22,12,0,1,1,17.222900390625,0,20.95634460449219,0
0,24,12,0,0,0,26.85480117797852,0,16.48386192321777,0
0,27,12,0,0,1,29.71940040588379,0,23.29617881774902,0
0,23,12,0,0,1,22.20000076293945,0,25.15654563903809,0
0,23,16,0,0,0,12.53225994110107,0,15.88187789916992,0
0,33,14,0,0,1,28.64519882202148,0,15.09241676330566,0
0,34,12,0,0,1,28.64519882202148,0,19.52194213867188,0
0,44,12,0,0,1,28.84919929504395,0,15.69511032104492,0
0,37,13,0,0,1,17.90322113037109,0,5.887361526489258,0
0,26,16,0,0,1,23.27419853210449,0,16.28604316711426,0
0,23,13,0,0,1,28.64519882202148,0,15.73707580566406,0
0,27,12,0,0,1,28.64519882202148,0,15.50373840332031,0
0,21,12,0,0,1,30.43540000915527,0,5.580949783325195,0
1,24,12,0,0,1,1.439419984817505,0,6.94046688079834,0
0,26,12,0,0,1,21.48380088806152,0,19.46341705322266,0
0,24,13,0,0,1,28.64519882202148,0,20.37755393981934,0
0,50,12,0,0,1,28.64519882202148,0,7.513519287109375,0
0,50,12,0,0,1,28.64519882202148,0,9.187639236450195,0
0,28,13,0,0,1,28.64519882202148,0,14.92942810058594,0
0,22,12,0,0,1,17.90322113037109,0,16.5040283203125,0
0,29,12,0,0,0,28.74180030822754,0,15.03505516052246,0
1,27,17,0,0,0,0,1,0,1
0,46,12,0,0,1,1.468063950538635,0,0,1
0,21,13,0,0,0,9.893320083618164,0,18.96182060241699,0
0,37,12,0,0,1,17.90322113037109,0,15.73945617675781,0
1,37,12,0,0,1,17.90322113037109,0,1.967910766601563,0
0,22,12,0,0,0,21.48380088806152,0,10.90073108673096,0
0,22,12,0,0,0,23.27419853210449,0,21.27912330627441,0
0,27,12,0,0,1,25.06459999084473,0,12.87979507446289,0
0,49,16,0,0,1,25.78059959411621,0,13.3481502532959,0
0,26,12,0,0,1,26.85480117797852,0,23.93336486816406,0
0,33,14,0,0,1,26.85480117797852,0,14.03571319580078,0
0,28,15,0,0,1,27.57099914550781,0,24.30839538574219,0
0,29,17,0,0,1,28.28700065612793,0,20.05137634277344,0
0,25,14,0,1,1,28.64519882202148,0,2.889150619506836,0
0,32,12,0,0,1,28.64519882202148,0,5.877900123596191,0
0,40,12,0,0,1,28.64519882202148,0,18.50485038757324,0
0,40,12,0,0,1,28.64519882202148,0,20.06342506408691,0
0,27,16,0,0,1,28.64519882202148,0,17.18958282470703,0
0,36,12,0,0,1,25.45480155944824,0,17.72461318969727,0
0,23,12,0,0,1,9.667739868164063,0,24.7299861907959,0
0,22,12,0,0,0,19.69353866577148,0,8.524580955505371,0
0,28,12,0,0,1,26.59700012207031,0,19.04823112487793,0
1,24,12,0,1,1,17.90322113037109,0,28.6083869934082,0
1,26,13,0,0,0,7.161299705505371,0,14.01119232177734,0
0,25,12,0,0,1,24.36280059814453,0,6.345619201660156,0
0,28,14,0,0,0,24.3484001159668,0,20.46225929260254,0
0,24,12,0,0,1,18.62294006347656,0,7.054094314575195,0
0,26,14,0,0,1,14.32258033752441,0,16.33101463317871,0
0,20,15,0,0,1,16.11289978027344,0,14.46063613891602,0
0,23,12,0,0,1,25.06459999084473,0,26.42928695678711,0
0,23,12,0,0,1,0,1,2.753731727600098,0
0,34,12,0,0,1,0,1,.2166843414306641,0
0,24,12,0,1,1,9.696379661560059,0,24.9012336730957,0
1,28,12,0,0,0,10.02579975128174,0,7.955881118774414,0
0,28,12,0,0,1,22.20000076293945,0,10.28211116790771,0
0,21,13,0,0,1,17.90322113037109,0,17.59840202331543,0
0,47,17,0,0,1,20.05159950256348,0,1.994475364685059,0
0,26,12,0,1,1,0,1,12.53802967071533,0
0,28,12,0,0,1,0,1,7.867890357971191,0
1,33,17,0,0,0,0,1,5.462342262268066,0
1,50,16,0,0,0,0,1,2.802018165588379,0
0,26,13,0,0,1,0,1,5.174648284912109,0
0,25,12,0,0,1,17.47353935241699,0,6.848867416381836,0
0,24,12,0,0,1,13.24837970733643,0,15.71074104309082,0
0,24,14,0,0,1,0,1,15.24623870849609,0
1,29,12,0,0,1,0,1,4.392597675323486,0
0,42,16,0,0,1,0,1,13.79103851318359,0
0,28,12,0,0,1,16.73235893249512,0,5.663254737854004,0
1,26,13,0,1,1,11.34348011016846,0,19.5693359375,0
0,27,15,0,0,1,0,1,0,1
0,26,12,0,0,1,0,1,2.75836181640625,0
1,24,13,0,0,1,3.580639839172363,0,11.90769386291504,0
0,34,16,0,0,1,0,1,0,1
1,50,12,0,0,1,0,1,0,1
0,31,17,0,0,1,0,1,3.620028495788574,0
0,41,13,0,0,0,0,1,0,1
1,28,12,0,0,1,0,1,4.53553295135498,0
0,53,6,0,0,1,0,1,0,1
0,53,7,0,1,0,0,1,0,1
0,47,8,0,0,0,0,1,0,1
0,55,8,0,0,1,0,1,0,1
0,41,8,0,0,1,0,1,7.206775665283203,0
0,45,8,0,0,1,0,1,0,1
0,46,9,0,1,1,0,1,8.272587776184082,0
0,48,9,0,0,1,0,1,0,1
1,46,9,0,1,1,0,1,2.920421600341797,0
0,54,9,0,0,1,0,1,0,1
1,40,10,0,1,1,0,1,7.618144989013672,0
0,41,11,0,0,1,0,1,12.52212047576904,0
0,52,8,0,0,1,0,1,0,1
0,45,9,0,0,1,0,1,0,1
0,40,8,0,0,1,0,1,4.66456127166748,0
0,37,10,0,0,1,0,1,0,1
0,48,11,0,0,1,0,1,0,1
0,36,9,0,0,1,0,1,0,1
0,40,7,0,0,1,0,1,7.283169746398926,0
0,40,7,0,0,1,0,1,9.244640350341797,0
1,38,11,0,0,1,0,1,9.320499420166016,0
1,53,7,0,0,1,0,1,0,1
1,52,7,0,0,1,0,1,0,1
1,46,6,0,0,1,0,1,3.958452224731445,0
0,40,8,0,0,1,0,1,2.847097396850586,0
0,53,8,0,0,1,0,1,0,1
1,50,11,0,0,1,0,1,0,1
1,33,11,0,0,1,0,1,14.57397079467773,0
1,33,11,0,0,1,0,1,0,1
0,52,8,0,0,1,0,1,0,1
0,50,8,0,0,1,0,1,0,1
0,41,8,0,0,1,0,1,5.671767234802246,0
0,53,9,0,0,1,0,1,0,1
1,48,11,0,0,0,0,1,0,1
0,31,9,0,0,1,0,1,1.939663887023926,0
1,42,8,0,0,1,0,1,9.763481140136719,0
0,54,10,0,0,1,0,1,0,1
0,50,10,0,0,1,0,1,0,1
1,48,6,0,1,1,0,1,13.27958297729492,0
1,22,9,0,0,1,0,1,0,1
0,41,8,0,0,1,0,1,0,1
1,41,8,0,0,1,0,1,2.268840789794922,0
1,45,9,0,0,1,.6266120076179504,0,0,1
0,46,8,0,0,1,17.90322113037109,0,3.856842041015625,0
0,46,8,0,0,1,17.90322113037109,0,7.02271842956543,0
0,53,8,0,0,1,28.64519882202148,0,11.98025512695313,0
0,53,6,0,0,1,34.37419891357422,0,12.86080551147461,0
1,54,8,0,0,1,1.074193954467773,0,5.516490936279297,0
1,37,9,0,0,0,7.089680194854736,0,2.774730682373047,0
0,38,2,0,0,0,12.53225994110107,0,6.576417922973633,0
0,20,10,0,0,0,7.046700000762939,0,2.63347053527832,0
0,20,11,0,0,1,6.445160388946533,0,10.76480579376221,0
0,42,8,0,0,1,0,1,0,1
0,42,8,0,0,1,0,1,14.05709838867188,0
0,55,7,0,0,0,16.68580055236816,0,4.279210567474365,0
0,20,10,0,0,0,17.90322113037109,0,10.89234447479248,0
1,52,0,0,0,1,0,1,0,1
0,19,11,0,0,0,25.06459999084473,0,23.06501388549805,0
0,51,7,0,0,1,17.90322113037109,0,.696465015411377,0
1,23,11,0,1,0,5.370959758758545,0,10.83731651306152,0
0,20,11,0,0,0,19.69353866577148,0,8.162590980529785,0
1,40,10,0,0,1,9.667739868164063,0,10.79514408111572,0
1,19,11,0,0,0,9.309679985046387,0,11.44159889221191,0
0,23,6,0,0,1,14.32258033752441,0,13.55895805358887,0
0,47,4,0,0,1,17.18709945678711,0,0,1
0,51,7,0,0,1,17.90322113037109,0,1.852683067321777,0
1,19,9,0,0,1,12.1742000579834,0,16.12091255187988,0
0,19,10,0,0,0,8.593540191650391,0,.1558830738067627,0
0,52,8,0,0,1,0,1,0,1
0,20,9,0,0,1,17.90322113037109,0,17.10567474365234,0
0,20,8,0,0,0,7.168459892272949,0,0,1
0,25,8,0,0,1,0,1,6.981508255004883,0
0,25,9,0,0,0,26.85480117797852,0,29.83020782470703,0
0,22,11,0,0,1,11.63709926605225,0,7.634616851806641,0
1,55,8,0,0,1,7.64109992980957,0,13.74878692626953,0
1,20,11,0,0,1,10.74194049835205,0,9.263497352600098,0
1,22,11,0,0,1,3.580639839172363,0,20.33694458007813,0
0,45,2,0,1,1,14.32258033752441,0,0,1
1,29,10,0,0,1,0,1,0,1
0,41,10,0,1,1,18.26846122741699,0,4.818485260009766,0
0,49,5,0,0,1,16.11289978027344,0,6.006119728088379,0
0,39,8,0,0,1,19.69353866577148,0,19.94864273071289,0
0,22,11,0,0,1,27.92900085449219,0,12.54307460784912,0
0,32,10,0,0,1,32.22579956054688,0,17.26422500610352,0
1,40,11,0,0,1,0,1,13.08967590332031,0
0,26,8,0,0,1,14.89548015594482,0,15.66345596313477,0
1,33,10,0,0,1,5.238480091094971,0,16.83315658569336,0
0,27,8,0,0,1,15.39678001403809,0,13.26154327392578,0
1,25,10,0,1,1,16.11289978027344,0,15.44921112060547,0
0,46,9,0,0,1,28.64519882202148,0,13.38434219360352,0
0,23,9,0,0,1,0,1,0,1
0,20,10,0,1,1,17.90322113037109,0,25.51045989990234,0
0,49,11,0,0,1,23.27419853210449,0,10.76701259613037,0
0,27,10,0,0,1,23.625,0,19.89247894287109,0
0,28,8,0,0,1,28.64519882202148,0,19.76039505004883,0
1,34,10,0,0,1,4.654839992523193,0,14.33657264709473,0
0,38,7,0,0,1,10.74194049835205,0,0,1
1,21,11,0,1,1,8.228320121765137,0,20.17165374755859,0
0,27,6,0,0,1,23.27419853210449,0,15.34068489074707,0
0,47,8,0,1,1,14.32258033752441,0,0,1
0,19,10,0,0,1,13.96451950073242,0,19.55394744873047,0
0,44,6,0,0,1,26.85480117797852,0,22.20457649230957,0
0,25,10,0,0,1,17.29451942443848,0,13.78412246704102,0
0,28,8,0,0,1,20.76419830322266,0,15.57941818237305,0
1,29,8,0,0,1,17.90322113037109,0,23.09297943115234,0
0,19,10,0,0,1,28.64519882202148,0,12.13768768310547,0
0,33,10,0,0,1,24.3484001159668,0,7.327547073364258,0
0,37,8,0,0,1,26.85480117797852,0,16.8631477355957,0
1,21,11,0,0,0,10.74194049835205,0,14.61796569824219,0
0,23,9,0,0,1,23.99040031433105,0,21.89578247070313,0
1,27,9,0,0,1,4.654839992523193,0,20.43404579162598,0
1,46,10,0,0,1,14.32258033752441,0,7.258262634277344,0
0,46,10,0,0,1,14.32258033752441,0,2.131531715393066,0
0,53,2,0,0,1,17.18709945678711,0,0,1
0,48,8,0,0,1,17.68838119506836,0,1.12047290802002,0
1,48,8,0,0,1,17.68838119506836,0,26.98841094970703,0
0,43,9,0,0,1,21.48380088806152,0,0,1
0,34,10,0,0,1,24.3484001159668,0,14.6066780090332,0
0,45,0,0,1,1,32.22579956054688,0,1.451634407043457,0
0,41,9,0,0,1,25.78059959411621,0,7.305651664733887,0
1,51,8,0,0,1,3.093679904937744,0,0,1
0,26,10,0,0,0,28.64519882202148,0,15.66270065307617,0
0,53,4,0,0,1,5.320839881896973,0,0,1
0,30,9,0,0,1,22.98780059814453,0,17.34381866455078,0
1,53,8,0,0,1,0,1,2.531979560852051,0
0,49,6,0,1,1,32.94200134277344,0,17.29709053039551,0
0,49,6,0,1,1,32.94200134277344,0,11.16925144195557,0
0,37,11,0,0,1,0,1,5.453590393066406,0
1,33,9,0,0,1,12.53225994110107,0,6.719374656677246,0
0,33,9,0,0,1,12.53225994110107,0,12.60155296325684,0
0,20,11,0,0,1,14.32258033752441,0,0,1
0,44,8,0,0,1,20.62459945678711,0,14.90454864501953,0
0,28,9,0,0,1,25.06459999084473,0,12.53908634185791,0
0,35,7,0,0,1,25.42259979248047,0,10.20136260986328,0
0,35,7,0,0,1,25.42259979248047,0,20.7769947052002,0
0,41,9,0,0,1,27.92900085449219,0,14.27759170532227,0
0,40,10,0,0,0,21.48380088806152,0,8.631796836853027,0
0,20,11,0,0,0,12.38903999328613,0,12.3212308883667,0
0,19,11,0,0,1,12.83304023742676,0,21.98778343200684,0
0,39,7,0,0,1,13.24837970733643,0,12.05940914154053,0
0,22,11,0,0,1,17.18709945678711,0,14.37511253356934,0
0,37,11,0,0,1,18.51910018920898,0,12.33787441253662,0
0,52,10,0,0,1,24.3484001159668,0,12.04837894439697,0
0,31,11,0,0,1,27.57099914550781,0,21.05394172668457,0
0,21,10,0,0,1,28.16180038452148,0,11.98555755615234,0
0,52,8,0,0,1,28.64519882202148,0,5.003396034240723,0
0,20,11,0,0,0,28.64519882202148,0,4.416678428649902,0
0,52,5,0,0,1,28.64519882202148,0,16.82087707519531,0
0,45,3,0,1,1,32.22579956054688,0,10.81820583343506,0
0,28,6,0,0,1,12.79006004333496,0,0,1
0,44,9,0,0,1,27.81080055236816,0,19.13844871520996,0
0,28,11,0,0,1,21.48380088806152,0,15.67075157165527,0
0,53,8,0,0,1,28.64519882202148,0,.7633495330810547,0
0,53,7,0,0,1,28.64519882202148,0,0,1
0,52,4,0,0,1,30.14900016784668,0,9.892829895019531,0
0,23,11,0,1,1,16.82903861999512,0,21.2213306427002,0
0,25,9,0,0,1,25.78059959411621,0,7.010488510131836,0
1,54,8,0,1,1,0,1,1.620458126068115,0
1,54,8,0,1,1,0,1,6.181224822998047,0
0,21,11,0,0,1,22.91619873046875,0,11.01487350463867,0
0,46,8,0,0,1,21.48380088806152,0,17.27556610107422,0
1,39,8,0,0,1,25.06459999084473,0,14.21591949462891,0
0,19,8,0,0,1,25.06459999084473,0,3.097582817077637,0
0,49,10,0,0,1,28.64519882202148,0,17.47611236572266,0
0,38,11,0,0,1,28.64519882202148,0,23.68094635009766,0
0,31,10,0,0,1,25.06459999084473,0,22.1457633972168,0
0,45,4,0,0,1,27.17359924316406,0,0,1
0,28,9,0,0,0,26.49680137634277,0,4.14587926864624,0
0,34,11,0,0,1,0,1,11.23260402679443,0
0,46,8,0,0,0,26.31780052185059,0,6.121278762817383,0
0,30,9,0,0,1,15.75483989715576,0,13.86841201782227,0
1,49,8,0,1,0,2.148379802703857,0,3.642845153808594,0
0,18,10,0,1,1,21.48380088806152,0,14.43863296508789,0
0,46,4,0,0,1,28.64519882202148,0,11.94949722290039,0
0,22,11,0,0,0,7.519360065460205,0,10.82356357574463,0
0,20,10,0,0,1,23.99040031433105,0,10.5998010635376,0
0,23,11,0,0,1,23.9724006652832,0,19.92526626586914,0
0,22,11,0,0,1,0,1,0,1
1,21,9,0,0,1,6.405779838562012,0,8.95972728729248,0
0,46,10,0,1,1,21.48380088806152,0,15.35713195800781,0
0,38,9,0,0,1,15.75483989715576,0,20.65088844299316,0
0,49,4,0,0,1,14.32258033752441,0,5.928872108459473,0
1,51,11,0,0,1,13.96451950073242,0,13.10723114013672,0
1,31,10,0,0,1,4.934120178222656,0,17.12333488464355,0
1,48,10,0,0,1,5.729040145874023,0,0,1
0,28,11,0,0,1,10.74194049835205,0,15.37521743774414,0
0,52,11,0,0,1,0,1,0,1
1,48,8,0,0,1,0,1,7.408490180969238,0
1,32,9,0,0,1,2.864520072937012,0,11.9255542755127,0
